{
    "name": "iso_9_1968",
    "description": "ISO/R 9:1968 transliteration schema",
    "url": "https://iuliia.ru/iso-9-1968/",
    "mapping": {
        "а": "a",
        "б": "b",
        "в": "v",
        "г": "g",
        "д": "d",
        "е": "e",
        "ё": "ë",
        "ж": "ž",
        "з": "z",
        "и": "i",
        "й": "j",
        "к": "k",
        "л": "l",
        "м": "m",
        "н": "n",
        "о": "o",
        "п": "p",
        "р": "r",
        "с": "s",
        "т": "t",
        "у": "u",
        "ф": "f",
        "х": "h",
        "ц": "c",
        "ч": "č",
        "ш": "š",
        "щ": "šč",
        "ъ": "ʺ",
        "ы": "y",
        "ь": "ʹ",
        "э": "ė",
        "ю": "ju",
        "я": "ja"
    },
    "prev_mapping": null,
    "next_mapping": null,
    "ending_mapping": null,
    "samples": [
        [
            "Юлия, съешь ещё этих мягких французских булок из Йошкар-Олы, да выпей алтайского чаю",
            "Julija, sʺešʹ eščë ėtih mjagkih francuzskih bulok iz Joškar-Oly, da vypej altajskogo čaju"
        ]
    ]
}
