{
    "name": "telegram",
    "description": "Telegram transliteration schema",
    "url": "https://iuliia.ru/telegram/",
    "mapping": {
        "а": "a",
        "б": "b",
        "в": "v",
        "г": "g",
        "д": "d",
        "е": "e",
        "ё": "e",
        "ж": "j",
        "з": "z",
        "и": "i",
        "й": "i",
        "к": "k",
        "л": "l",
        "м": "m",
        "н": "n",
        "о": "o",
        "п": "p",
        "р": "r",
        "с": "s",
        "т": "t",
        "у": "u",
        "ф": "f",
        "х": "h",
        "ц": "c",
        "ч": "ch",
        "ш": "sh",
        "щ": "sc",
        "ъ": "",
        "ы": "y",
        "ь": "",
        "э": "e",
        "ю": "iu",
        "я": "ia"
    },
    "prev_mapping": null,
    "next_mapping": null,
    "ending_mapping": null,
    "samples": [
        [
            "Юлия, съешь ещё этих мягких французских булок из Йошкар-Олы, да выпей алтайского чаю",
            "Iuliia, sesh esce etih miagkih francuzskih bulok iz Ioshkar-Oly, da vypei altaiskogo chaiu"
        ]
    ]
}
